{
    "rouge-1": {
        "r": 0.558068759114731,
        "p": 0.5657754754587031,
        "f": 0.5590980152208275
    },
    "rouge-2": {
        "r": 0.35238216778344816,
        "p": 0.35790658881518284,
        "f": 0.35304281121876824
    },
    "rouge-l": {
        "r": 0.5574187166517905,
        "p": 0.5651373482763854,
        "f": 0.5584572762795584
    }
}